0,20260930,1,-38.2087,-38.1081,-38.1584,17.05,1,4
1,20260930,1,-37.8631,-37.9042,-37.8837,16.02,1,4
2,20260930,1,-38.3171,-37.9258,-38.1214,16.01,1,4
3,20260930,1,-37.9043,-38.1325,-38.0184,17.01,1,4
4,20260930,1,-37.8224,-37.9265,-37.8744,16.00,1,4
5,20260930,1,-38.1326,-38.0841,-38.1084,16.01,1,4
6,20260930,1,-37.9260,-37.8841,-37.9050,15.99,1,4
7,20260930,1,-37.8634,-38.0374,-37.9504,16.00,1,4
8,20260930,1,-37.7448,-38.2093,-37.9770,17.04,1,4
9,20260930,1,-37.8028,-38.0600,-37.9314,16.00,1,4
10,20260930,1,-38.1834,-37.9693,-38.0763,17.00,1,4
11,20260930,1,-37.7451,-37.9478,-37.8465,16.00,1,4
12,20260930,1,-37.7266,-37.9258,-37.8262,15.99,1,5
13,20260930,1,-37.8229,-38.1833,-38.0031,16.00,1,4
14,20260930,1,-37.8430,-38.0611,-37.9521,16.90,1,5
15,20260930,1,-37.7266,-37.8224,-37.7745,16.01,1,4
16,20260930,1,-38.0839,-38.2620,-38.1730,16.00,1,4
17,20260930,1,-37.8632,-37.8027,-37.8329,16.98,1,4
18,20260930,1,-37.9048,-38.2348,-38.0698,16.00,1,5
19,20260930,1,-38.2619,-37.9922,-38.1271,17.09,1,5
20,20260930,1,-37.6536,-37.6542,-37.6539,16.00,1,4
21,20260930,1,-37.9479,-37.7832,-37.8656,16.00,1,4
22,20260930,1,-38.1075,-38.0371,-38.0723,16.00,1,4
23,20260930,1,-37.9477,-38.1085,-38.0281,16.00,1,4
24,20260930,1,-37.7262,-37.9259,-37.8260,16.94,1,4
25,20260930,1,-37.8228,-37.9257,-37.8742,16.01,1,4
26,20260930,1,-37.9689,-37.9257,-37.9473,16.01,1,4
27,20260930,1,-37.9261,-38.0141,-37.9701,17.00,1,4
28,20260930,1,-38.0147,-37.9259,-37.9703,17.01,1,4
29,20260930,1,-38.1578,-37.9260,-38.0419,16.00,1,5
30,20260930,1,-38.1829,-37.9042,-38.0436,16.00,1,4
31,20260930,1,-37.9476,-38.0607,-38.0041,16.98,1,4
32,20260930,1,-37.9259,-37.8028,-37.8643,15.99,1,4
33,20260930,1,-37.8028,-37.9262,-37.8645,16.01,1,5
34,20260930,1,-37.9048,-37.9259,-37.9154,8.38,1,5
35,20260930,1,-37.8423,-38.2356,-38.0390,16.00,1,5
36,20260930,1,-37.5676,-37.9259,-37.7467,17.10,1,5
37,20260930,1,-37.9048,-37.9256,-37.9152,16.00,1,5
38,20260930,1,-37.8631,-38.0839,-37.9735,16.99,1,4
39,20260930,1,-37.7451,-37.9917,-37.8684,16.01,1,4
40,20260930,1,-37.9258,-38.0136,-37.9697,17.01,1,5
41,20260930,1,-37.9257,-37.8634,-37.8946,16.00,1,4
42,20260930,1,-37.6535,-38.2621,-37.9578,16.00,1,5
43,20260930,1,-37.7833,-28.1584,-32.9709,28.92,1,4
44,20260930,1,-37.7260,-38.0603,-37.8931,8.50,1,4
45,20260930,1,-37.7642,-37.9474,-37.8558,16.01,1,6
46,20260930,1,-37.9051,-38.0135,-37.9593,16.00,1,4
47,20260930,1,-37.9696,-38.0604,-38.0150,15.99,1,4
48,20260930,1,-37.8631,-38.0606,-37.9618,17.00,1,4
49,20260930,1,-38.0607,-38.0841,-38.0724,16.00,1,4
50,20260930,1,-38.1575,-37.9264,-38.0419,16.00,1,4
51,20260930,1,-38.2617,-37.8832,-38.0724,16.00,1,4
52,20260930,1,-38.0604,-37.9256,-37.9930,16.01,1,4
53,20260930,1,-38.0140,-38.0140,-38.0140,16.01,1,5
54,20260930,1,-38.1327,-37.9696,-38.0511,16.01,1,4
55,20260930,1,-38.1832,-37.9920,-38.0876,15.99,1,4
56,20260930,1,-38.1328,-38.1324,-38.1326,16.00,1,4
57,20260930,1,-37.8630,-37.8631,-37.8631,16.00,1,5
58,20260930,1,-38.1087,-38.0375,-38.0731,17.02,1,4
59,20260930,1,-38.2350,-37.8632,-38.0491,15.99,1,4
60,20260930,1,-37.9258,-37.8224,-37.8741,17.01,1,4
61,20260930,1,-37.8424,-38.1829,-38.0127,16.00,1,5
62,20260930,1,-38.4339,-37.8231,-38.1285,16.01,1,4
63,20260930,1,-37.8839,-37.9260,-37.9050,16.99,1,5
64,20260930,1,-37.9691,-37.9699,-37.9695,16.00,1,4
65,20260930,1,-38.2893,-38.0843,-38.1868,16.00,1,5
66,20260930,1,-38.1581,-37.9917,-38.0749,16.00,1,5
67,20260930,1,-38.2087,-37.9256,-38.0672,16.01,1,5
68,20260930,1,-38.0839,-38.0844,-38.0842,16.96,1,4
69,20260930,1,-38.0604,-38.0602,-38.0603,15.99,1,4
70,20260930,1,-37.7263,-38.1327,-37.9295,16.00,1,4
71,20260930,1,-37.9915,-37.9260,-37.9587,17.01,1,5
72,20260930,1,-37.9265,-37.8626,-37.8946,17.01,1,4
73,20260930,1,-38.1326,-38.2088,-38.1707,16.00,1,5
74,20260930,1,-38.0842,-37.8838,-37.9840,16.00,1,5
75,20260930,1,-38.0837,-37.8835,-37.9836,17.01,1,4
76,20260930,1,-38.0603,-38.1086,-38.0844,16.00,1,4
77,20260930,1,-37.9050,-38.2350,-38.0700,16.00,1,4
78,20260930,1,-37.9257,-38.0144,-37.9701,16.00,1,4
79,20260930,1,-38.0608,-37.7835,-37.9221,17.00,1,5
80,20260930,1,-38.0844,-38.1086,-38.0965,15.99,1,4
81,20260930,1,-38.0601,-45.4590,-41.7596,17.42,1,5
82,20260930,1,-45.4077,-38.0142,-41.7109,15.99,1,4
83,20260930,1,-37.9052,-37.9918,-37.9485,16.01,1,4
84,20260930,1,-38.0844,-37.8834,-37.9839,16.00,1,4
85,20260930,1,-38.1332,-37.9691,-38.0512,16.00,1,5
86,20260930,1,-38.0609,-37.8638,-37.9624,17.07,1,4
87,20260930,1,-38.0606,-38.1576,-38.1091,16.00,1,4
88,20260930,1,-38.1579,-38.1327,-38.1453,16.01,1,4
89,20260930,1,-37.9044,-37.7452,-37.8248,16.00,1,4
90,20260930,1,-38.1328,-37.9917,-38.0622,16.01,1,4
91,20260930,1,-38.0144,-37.8427,-37.9285,17.04,1,4
92,20260930,1,-37.9262,-38.2616,-38.0939,16.01,1,4
93,20260930,1,-38.0600,-37.9049,-37.9825,16.00,1,5
94,20260930,1,-37.8035,-53.8328,-45.8182,15.93,1,5
95,20260930,1,-38.0372,-37.8425,-37.9398,16.01,1,4
96,20260930,1,-37.9696,-37.8833,-37.9265,16.01,1,4
97,20260930,1,-37.9469,-37.9915,-37.9692,16.00,1,5
98,20260930,1,-38.0367,-38.0140,-38.0253,16.01,1,4
99,20260930,1,-37.8633,-37.9473,-37.9053,16.02,1,4
100,20260930,1,-37.8231,-37.8033,-37.8132,16.01,1,4
101,20260930,1,-37.9045,-38.1082,-38.0064,17.02,1,5
102,20260930,1,-38.1835,-37.8836,-38.0336,16.01,1,5
103,20260930,1,-38.1330,-38.0608,-38.0969,16.00,1,4
104,20260930,1,-37.8427,-37.9913,-37.9170,17.08,1,5
105,20260930,1,-37.8030,-37.9042,-37.8536,17.00,1,4
106,20260930,1,-37.9472,-37.8228,-37.8850,16.01,1,4
107,20260930,1,-38.0843,-37.9045,-37.9944,16.00,1,4
108,20260930,1,-38.1326,-37.9695,-38.0511,16.00,1,4
109,20260930,1,-38.0605,-38.1086,-38.0845,16.00,1,4
110,20260930,1,-38.1575,-38.2090,-38.1832,16.00,1,4
111,20260930,1,-38.1828,-37.9477,-38.0652,16.93,1,6
112,20260930,1,-38.1083,-37.9915,-38.0499,16.01,1,4
113,20260930,1,-37.7837,-37.9261,-37.8549,17.00,1,5
114,20260930,1,-37.9050,-38.0605,-37.9827,16.01,1,5
115,20260930,1,-38.1577,-37.7080,-37.9329,16.00,1,4
116,20260930,1,-38.0607,-38.0374,-38.0491,15.99,1,5
117,20260930,1,-37.9262,-38.1328,-38.0295,16.00,1,5
118,20260930,1,-37.9920,-37.6015,-37.7967,16.00,1,5
119,20260930,1,-37.8031,-38.1328,-37.9680,16.00,1,4
120,20260930,1,-37.9915,-37.8630,-37.9272,17.47,1,5
121,20260930,1,-38.2091,-37.9914,-38.1003,16.01,1,4
122,20260930,1,-37.8224,-37.9049,-37.8636,15.99,1,4
123,20260930,1,-38.1584,-37.9917,-38.0750,16.00,1,5
124,20260930,1,-37.9915,-37.8230,-37.9072,16.00,1,4
125,20260930,1,-38.0139,-37.7261,-37.8700,16.00,1,4
126,20260930,1,-38.1833,-37.9921,-38.0877,15.99,1,4
127,20260930,1,-37.9472,-37.9470,-37.9471,16.00,1,4
128,20260930,1,-37.9913,-37.8835,-37.9374,16.01,1,4
129,20260930,1,-38.1326,-38.0376,-38.0851,16.01,1,4
130,20260930,1,-37.9044,-37.6535,-37.7789,16.00,1,4
131,20260930,1,-37.8429,-37.9046,-37.8738,16.00,1,4
132,20260930,1,-38.1576,-37.9050,-38.0313,16.00,1,4
133,20260930,1,-38.0605,-38.0839,-38.0722,16.00,1,4
134,20260930,1,-38.0606,-38.1330,-38.0968,17.07,1,4
135,20260930,1,-37.7640,-38.0375,-37.9007,16.99,1,4
136,20260930,1,-37.9921,-37.9913,-37.9917,16.01,1,6
137,20260930,1,-38.1084,-37.8630,-37.9857,16.91,1,5
138,20260930,1,-37.8226,-37.8841,-37.8533,16.00,1,5
139,20260930,1,-37.8028,-37.7451,-37.7739,17.01,1,4
140,20260930,1,-37.9923,-37.9915,-37.9919,15.99,1,4
141,20260930,1,-37.7447,-37.7075,-37.7261,16.00,1,4
142,20260930,1,-38.2348,-38.0839,-38.1594,16.01,1,4
143,20260930,1,-37.9693,-38.0373,-38.0033,17.66,1,4
144,20260930,1,-37.9686,-38.1086,-38.0386,16.01,1,4
145,20260930,1,-37.8635,-37.9473,-37.9054,16.01,1,4
146,20260930,1,-38.0842,-37.9260,-38.0051,16.00,1,4
147,20260930,1,-37.9472,-37.9699,-37.9585,16.99,1,4
148,20260930,1,-37.9917,-38.1083,-38.0500,16.00,1,4
149,20260930,1,-37.8223,-38.1580,-37.9902,16.01,1,4
150,20260930,1,-38.1083,-37.8230,-37.9657,15.99,1,4
151,20260930,1,-38.1088,-38.3744,-38.2416,16.01,1,5
152,20260930,1,-37.9917,-37.9255,-37.9586,16.00,1,5
153,20260930,1,-38.0843,-37.8632,-37.9738,16.00,1,5
154,20260930,1,-38.3745,-37.8424,-38.1085,16.00,1,4
155,20260930,1,-37.9473,-38.4048,-38.1760,16.00,1,4
156,20260930,1,-38.2893,-38.4648,-38.3771,16.00,1,5
157,20260930,1,-37.9696,-38.0602,-38.0149,16.00,1,5
158,20260930,1,-37.8033,-38.1581,-37.9807,16.00,1,4
159,20260930,1,-37.7261,-37.9695,-37.8478,16.01,1,5
160,20260930,1,-38.0599,-38.1080,-38.0839,16.00,1,4
161,20260930,1,-38.0841,-38.1082,-38.0962,16.01,1,4
162,20260930,1,-37.8028,-38.1083,-37.9556,15.99,1,4
163,20260930,1,-37.8422,-37.9048,-37.8735,16.02,1,5
164,20260930,1,-38.0602,-37.9050,-37.9826,16.00,1,4
165,20260930,1,-37.8837,-37.8840,-37.8839,15.99,1,4
166,20260930,1,-45.3819,-37.9695,-41.6757,15.99,1,4
167,20260930,1,-37.9472,-37.7263,-37.8368,16.01,1,4
168,20260930,1,-45.4395,-37.8633,-41.6514,16.01,1,5
169,20260930,1,-38.1328,-37.7451,-37.9390,15.99,1,4
170,20260930,1,-37.7642,-28.1703,-32.9672,28.42,1,4
171,20260930,1,-38.0143,-37.9695,-37.9919,17.01,1,4
172,20260930,1,-45.4098,-38.1320,-41.7709,16.00,1,4
173,20260930,1,-37.8842,-37.7078,-37.7960,16.01,1,5
174,20260930,1,-38.0144,-37.7833,-37.8989,16.00,1,4
175,20260930,1,-38.2615,-37.8836,-38.0726,16.00,1,6
176,20260930,1,-38.0373,-37.7644,-37.9008,16.00,1,5
177,20260930,1,-38.1576,-38.1829,-38.1703,16.00,1,4
178,20260930,1,-38.0842,-38.0604,-38.0723,16.01,1,4
179,20260930,1,-37.9044,-37.7641,-37.8342,16.89,1,4
180,20260930,1,-37.9912,-37.8631,-37.9271,16.01,1,4
181,20260930,1,-37.7642,-38.0371,-37.9007,16.00,1,4
182,20260930,1,-37.7452,-37.9260,-37.8356,17.08,1,4
183,20260930,1,-38.0843,-38.1320,-38.1081,17.00,1,4
184,20260930,1,-37.7078,-38.0139,-37.8608,16.01,1,5
185,20260930,1,-37.9258,-38.0841,-38.0050,16.01,1,4
186,20260930,1,-38.1324,-37.9915,-38.0620,16.00,1,4
187,20260930,1,-38.0848,-37.9478,-38.0163,16.01,1,4
188,20260930,1,-38.1325,-37.9917,-38.0621,16.93,1,4
189,20260930,1,-37.9696,-37.8836,-37.9266,17.68,1,4
190,20260930,1,-37.8028,-37.8631,-37.8329,16.00,1,5
191,20260930,1,-37.8033,-38.1326,-37.9679,16.96,1,4
192,20260930,1,-38.1834,-37.8025,-37.9929,16.01,1,4
193,20260930,1,-37.9700,-38.1829,-38.0765,16.00,1,4
194,20260930,1,-38.2891,-37.7829,-38.0360,16.01,1,4
195,20260930,1,-45.3824,-37.9044,-41.6434,16.99,1,4
196,20260930,1,-38.1084,-38.0141,-38.0612,15.99,1,4
197,20260930,1,-37.8429,-38.1332,-37.9881,16.00,1,4
198,20260930,1,-37.9697,-37.8227,-37.8962,16.00,1,5
199,20260930,1,-38.0370,-37.8028,-37.9199,16.00,1,4
