0,933650562,0.93203,0,0
1,952903406,0.94996,0,0
2,945517967,0.94308,0,0
3,921606732,0.92081,0,0
4,877334480,0.87958,0,0
5,947524027,0.94495,0,0
6,914478695,0.91417,0,0
7,889474469,0.89088,0,1
8,931667881,0.93018,0,0
9,915274628,0.91491,0,0
10,935045738,0.93333,1,0
11,965037869,0.96126,0,0
12,975398720,0.97091,0,0
13,945234384,0.94281,0,1
14,923365646,0.92245,0,0
15,947987908,0.94538,0,0
16,999756558,0.99359,0,1
17,913229393,0.91301,0,0
18,909585967,0.90961,0,0
19,921302872,0.92053,1,1
20,934258987,0.93259,0,0
21,973496674,0.96914,0,0
22,934604603,0.93291,0,0
23,971744594,0.96750,0,0
24,988059348,0.98270,0,0
25,936725808,0.93489,0,0
26,883110697,0.88496,0,0
27,967404198,0.96346,0,1
28,994146413,0.98837,0,0
29,889622678,0.89102,1,0
30,918564999,0.91798,0,0
31,882012612,0.88393,0,0
32,916974101,0.91649,0,0
33,933321808,0.93172,0,0
34,912422187,0.91226,0,0
35,948871337,0.94620,0,0
36,944946276,0.94255,0,0
37,938060186,0.93613,1,0
38,958814549,0.95546,0,0
39,981881167,0.97694,0,0
40,928459242,0.92719,0,0
41,935752658,0.93398,0,0
42,922389603,0.92154,0,0
43,973501128,0.96914,0,0
44,920005519,0.91932,0,0
45,943145874,0.94087,0,0
46,970705804,0.96654,1,0
47,922019197,0.92119,0,0
48,931882995,0.93038,0,0
49,992148696,0.98651,0,0
50,897695454,0.89854,0,1
51,917714809,0.91718,0,0
52,940895758,0.93877,0,1
53,983161274,0.97814,0,2
54,919886717,0.91921,0,0
55,920400535,0.91969,1,0
56,929999659,0.92863,0,0
57,950963366,0.94815,0,0
58,947240716,0.94468,1,0
59,918359230,0.91778,0,0
60,962004995,0.95843,0,0
61,932417918,0.93088,0,0
62,952389954,0.94948,0,0
63,943946568,0.94161,0,0
64,861760614,0.86507,0,0
65,922825100,0.92194,0,0
66,865832604,0.86887,0,0
67,914815396,0.91448,0,0
68,945300131,0.94288,1,0
69,928481742,0.92721,0,0
70,946691393,0.94417,0,0
71,949417676,0.94671,0,0
72,987695675,0.98236,1,0
73,926471580,0.92534,0,0
74,964666610,0.96091,0,0
75,894138752,0.89523,0,0
76,913371651,0.91314,0,0
77,954568477,0.95151,0,0
78,962463605,0.95886,0,0
79,937063338,0.93520,0,0
80,887351775,0.88891,0,0
81,884979238,0.88670,1,0
82,899072633,0.89982,0,0
83,907058535,0.90726,0,0
84,919544620,0.91889,1,1
85,874748170,0.87717,0,0
86,909678190,0.90970,0,1
87,899591336,0.90031,0,0
88,921345686,0.92057,0,0
89,952353577,0.94944,1,0
90,948328209,0.94570,1,0
91,973056867,0.96873,0,0
92,918498626,0.91791,0,0
93,947473715,0.94490,0,0
94,899140806,0.89989,0,0
95,944758938,0.94237,1,0
96,900894918,0.90152,0,0
97,948907843,0.94624,0,0
98,908993374,0.90906,0,0
99,932682026,0.93112,0,0
