0,929256823,0.92793,10,9
1,906789566,0.90701,10,9
2,961147758,0.95763,10,9
3,912113887,0.91197,10,9
4,919982001,0.91930,10,9
5,957168583,0.95393,10,9
6,953810217,0.95080,10,9
7,885007462,0.88672,10,9
8,902956902,0.90344,10,9
9,938335451,0.93639,10,9
10,964044586,0.96033,10,9
11,910478523,0.91045,10,9
12,889055167,0.89049,10,9
13,890732034,0.89206,10,9
14,927512639,0.92631,10,9
15,911776182,0.91165,10,9
16,929194833,0.92788,10,9
17,898309480,0.89911,10,9
18,943457851,0.94116,10,9
19,971644991,0.96741,10,9
20,904745873,0.90511,10,9
21,936712670,0.93488,10,9
22,1003936406,0.99748,10,9
23,937130492,0.93527,10,9
24,969209497,0.96514,10,9
25,967284123,0.96335,10,9
26,914607174,0.91429,10,9
27,928608010,0.92733,10,9
28,917128194,0.91664,10,9
29,975129523,0.97066,10,9
30,986852453,0.98157,10,9
31,926701200,0.92555,10,9
32,951558593,0.94870,10,9
33,954431564,0.95138,10,9
34,875933649,0.87827,10,9
35,903297778,0.90376,10,9
36,924031760,0.92307,10,9
37,961311615,0.95779,10,9
38,962896078,0.95926,10,8
39,876127934,0.87845,10,8
40,901096066,0.90171,10,8
41,880140958,0.88219,10,8
42,976236897,0.97169,10,8
43,905535335,0.90584,10,8
44,966328405,0.96246,10,8
45,908567037,0.90867,10,8
46,928773924,0.92748,10,8
47,987330132,0.98202,10,9
48,836376808,0.84143,10,9
49,936923316,0.93507,10,9
50,937274076,0.93540,10,9
51,879954353,0.88202,10,9
52,915788958,0.91539,10,9
53,942868559,0.94061,10,9
54,912517804,0.91234,10,9
55,913451404,0.91321,10,9
56,938014523,0.93609,10,9
57,894559701,0.89562,10,9
58,904183638,0.90458,10,9
59,935141706,0.93341,10,9
60,965166697,0.96138,10,9
61,928729705,0.92744,10,9
62,940415129,0.93833,10,9
63,899569195,0.90029,10,9
64,947016413,0.94447,10,9
65,936243637,0.93444,10,9
66,916337846,0.91590,10,9
67,867029133,0.86998,10,9
68,970925516,0.96674,10,9
69,821485096,0.82756,10,10
70,959894857,0.95647,10,10
71,900446746,0.90110,10,10
72,925538238,0.92447,10,10
73,1018135003,1.01071,10,10
74,970215602,0.96608,10,10
75,923436901,0.92251,10,10
76,918569667,0.91798,10,10
77,907529939,0.90770,10,10
78,927883881,0.92666,10,10
79,876248650,0.87857,10,10
80,888672930,0.89014,10,10
81,997966712,0.99193,10,10
82,928744112,0.92746,10,10
83,992853439,0.98716,10,10
84,918057316,0.91750,10,10
85,961736620,0.95818,10,10
86,919390573,0.91875,10,10
87,962934021,0.95930,10,10
88,986647355,0.98138,10,10
89,967272086,0.96334,10,10
90,923058073,0.92216,10,10
91,876622490,0.87891,10,10
92,931169523,0.92972,10,10
93,912104568,0.91196,10,10
94,935077265,0.93335,10,10
95,870553451,0.87326,10,10
96,946736482,0.94421,10,10
97,883998147,0.88578,10,10
98,939841789,0.93779,10,10
99,904141940,0.90454,10,10
