0,1,1000005,0,0,0,975270338,0.970787,0,0,32520,1,500.6
1,1,1000005,4,2,2,882968103,0.884824,0,0,32965,1,901.6
2,1,1000005,2,1,1,924476484,0.923482,0,0,32482,1,1003.6
3,1,1000005,4,2,2,985466170,0.980283,0,0,32472,1,1010.3
4,1,1000005,0,0,0,995741310,0.989853,0,0,32801,1,895.1
5,1,1000005,0,0,0,931506439,0.930029,0,0,32335,1,717.8
6,1,1000005,0,0,0,978551149,0.973843,2,0,294948,1,704.2
7,1,1000005,2,1,0,904611527,0.904981,0,0,32910,1,755.1
8,1,1000005,0,0,0,953252147,0.950281,0,0,32776,1,706.6
9,1,1000005,0,0,0,981746905,0.976819,0,0,32659,1,748.2
10,1,1000005,0,0,0,914522205,0.914211,0,0,32719,1,705.7
11,1,1000005,4,2,2,990966525,0.985406,0,0,33057,1,762.5
12,1,1000005,2,1,1,927608119,0.926399,0,0,32731,1,678.1
13,1,1000005,6,3,3,928907705,0.927609,0,0,32706,1,662.8
14,1,1000005,0,0,0,939264013,0.937254,0,0,32558,1,559.9
15,1,1000005,2,1,1,947661125,0.945074,0,0,32892,1,529.6
16,1,1000005,0,0,0,883658184,0.885467,0,0,32844,1,407.2
