310,20260929,49312,4,0,3,0,4,3,2502,66021,4,1,1,3,1,1,27.30,0.00,1,1,2331
311,20260929,49312,6,0,5,0,6,5,4838,393626,6,1,1,5,1,1,30.83,0.00,1,1,2315
312,20260929,49312,5,0,6,2,5,4,3000,3332,5,1,1,4,1,1,23.25,0.00,1,0,2407
313,20260929,49312,4,0,4,0,4,4,393336,2177,4,2,2,4,1,1,29.67,1.00,1,1,2283
314,20260929,49312,2,0,6,1,2,5,312,4060,2,312,312,5,1,1,20.27,8.29,1,0,2280
315,20260929,49312,1,1,2,0,0,2,0,65540,0,0,0,2,65540,65540,-1.00,-1.00,0,0,2255
316,20260929,49312,4,0,4,1,4,3,67914,66895,4,1,1,3,1,1,32.08,0.00,1,0,2461
317,20260929,49312,6,0,5,0,6,5,70859,393661,6,1,1,5,1,1,34.70,0.00,1,1,2396
318,20260929,49312,3,0,3,0,3,3,66462,66548,3,1,1,3,3,3,32.04,1.58,1,1,2257
319,20260929,49312,3,1,2,0,2,2,687,324,2,687,687,2,324,324,17.76,17.76,1,0,2334
320,20260929,49312,7,0,3,0,7,3,395328,66487,7,1,1,3,3,3,34.61,1.58,1,1,2547
321,20260929,49312,7,2,6,0,5,6,71153,3744,5,1,1,6,1,1,27.99,0.00,1,0,2425
322,20260929,49312,6,0,5,3,6,2,200837,2559,6,1,1,2,2559,2559,28.94,11.32,1,0,2300
323,20260929,49312,8,0,4,1,8,3,398008,1440,8,1,1,3,1,1,29.09,0.00,1,0,2318
324,20260929,49312,8,0,8,0,8,8,5436,73509,8,1,1,8,1,1,28.57,0.00,1,1,2596
